No,Company/Project Name,Name,Open Date (GMT),Close Date (GMT),Website,Whitepaper,Asset,ICO Size ($m),Explanation,RaisedCoin,No.. Of coin,Completion (checking!!),Start Bonus,Start Date,End Date,Launching service?.,Base,Homepage,CEO,Source,Source2,White Paper Download,Category,Technical Details,사업내용,USD raised amount,Check the amount,Diff
1,Nimiq,Nimiq,6/28/2017,7/12/2017,https://nimiq.com/,https://icobazaar.com/static/8943c304a27c457957350ecaf4d97c08/NimiqAFrictionlessPaymentProtocolNativetotheWeb.pdf,NET,14.53,A Next-Generation Blockchain Protocol,BTC," 4,992 ",29%,40%,2017-06-28,2017-07-26,TBA,Own,https://nimiq.com,Robin Linus,ICOtracker,Coindesk,OK,Blockchain-platform,WebRTC and WebSocket connections,브라우저 기반의 블록체인과 그 생태계," 14,484,600 ","-45,400 ",-0.31%
2,DAO.Casino,#N/A,#N/A,#N/A,#N/A,#N/A,#N/A,#N/A,DAO.Casino,BTC," 5,320 ",32%,0%,2017-06-29,2017-07-26,TBA,Ethereum,https://dao.casino/,?Konstantin Lomashuk,ICOtracker,,OK,,,,,#N/A,#N/A
3,SkinCoin,SkinCoin,6/21/2017,7/21/2017,https://skincoin.org/,https://skincoin.org/whitepaper.pdf,SKIN,3.32,"Ethereum token for instant trading CS:GO, Dota 2 skins",BTC," 1,214 ",40%,20%,2017-06-21,2017-07-21,TBA,Ethereum,https://skincoin.org,Alexey Zaharov,ICOtracker,Coindesk,OK,Cryptocurrency,Ethereum,즉각적인 트레이딩(in-game 아이템 구매와 e-sport베팅)을 위한 이더리움 토큰," 2,884,510 ","-435,490 ",-15.10%
4,Pillar,Pillar,7/15/2017,7/17/2017,https://pillarproject.io/,0,PLR,18.53,Multi-chain open source wallet,BTC, - ,24%,0%,2017-07-15,2017-07-21,TBA,Ethereum,https://pillarproject.io/,David Siegel,ICOtracker,Coindesk,OK,Service,Ethereum ERC20 Token,오픈 소스 월렛," 19,987,971 "," 1,457,971 ",7.29%
5,GIlgam,Gilgam,6/20/2017,7/20/2017,https://ico.gilgam.es/ico,https://ico.gilgam.es/whitepaper/Gilgam.es.whitepaper.pdf,GGS,0.22,E-Sport platform where gamers can make profit from their skills,BTC, 86 ,0%,0%,2017-06-20,2017-07-20,TBA,Ethereum,https://ico.gilgam.es/,ZSOLT R?TH?TI,ICOtracker,Coindesk,OK,Gambling,Ethereum,유저들이 그들만의 실력으로 이익을 볼 수 있는 e-sport 플랫폼," 225,996 "," 5,996 ",2.65%
6,AntShares,Antshares,8/8/2016,9/7/2016,https://www.antshares.org/,http://docs.antshares.org/zh-cn/white-paper.html,ANT,3.5,Digital Assets for everyone,BTC," 6,130 ",76%,20%,2016-06-08,2016-07-09,2016-10-20,Own,https://www.antshare.org,DA Hongfei,ICOtracker,Coindesk,OK,Blockchain-platform,"AntShares Virtual Machine (AVM), point-to-point network, Byzantine Fault Tolerance, digital certificates, smart contracts, superconducting transactions, cross-chain interoperability protocols",현실에 있는 물리적 자산을 디지털화하는 분산 장부 프로토콜," 3,834,400 "," 334,400 ",8.72%
7,FIRSTBLOOD,#N/A,#N/A,#N/A,#N/A,#N/A,#N/A,#N/A,A Decentralized eSports Platform Based on Smart Contract,BTC," 9,075 ",35%,70%,2016-09-26,2016-11-20,2016-01-20,Ethereum,https://firstblood.io,Joe Zhou,ICOtracker,,OK,Gambling,-,e-스포츠 베팅 플랫폼," 5,500,000 ",#N/A,#N/A
8,ICONOMI,Iconomi,8/25/2016,9/26/2016,https://www.iconomi.net/,0,ICN,10.5,Open Fund Management Platform,BTC," 6,901 ",64%,15%,2016-08-25,2016-09-29,2016-11-15,Ethereum,https://iconomi.net,Tim Mitja Zagar,ICOtracker,Coindesk,OK,Financial-Service,Ethereum,펀드 관리 플랫폼," 10,600,000 "," 100,000 ",0.94%
9,Blockfreight,#N/A,#N/A,#N/A,#N/A,#N/A,#N/A,#N/A,Ledger and Network for global freight,BTC, - ,3%,0%,2016-09-01,2016-01-10,TBA,Counterparty,http://blockfreight.com,Julian Smith,ICOtracker,,OK,Logistics,Ethereum,글로벌 화물 수송을 위한 네트워크, - ,#N/A,#N/A
10,deClOUDs,#N/A,#N/A,#N/A,#N/A,#N/A,#N/A,#N/A,SCAM Alert,,,,,,,,Own,http://www.declouds.com,Stars Nikolaev,ICOtracker,,,,,,,#N/A,#N/A
11,Lykke (1st round),Lykke (1st round),9/11/2016,10/9/2016,https://www.lykke.com/,0,LKK,1.15,A Global Market Place on the blockchain,BTC," 1,142 ",36%,0%,2016-09-12,2016-10-11,TBA,Own,https://lykke.com,Richard Olsen,ICOtracker,Coindesk,OK,Exchange,-,블록체인기반의 글로벌 마켓 플레이스," 1,146,800 ","-3,200 ",-0.28%
12,DECENT,Decent,9/11/2016,11/6/2016,https://decent.ch/,https://wiki.decent.ch/doku.php,DCT,4.13,Decentralized content Distribution Platform,BTC," 5,881 ",61%,50%,2016-09-11,2016-11-06,2017-03-10,Own,http://decent.ch,Matej Boda,ICOtracker,Coindesk,OK,Media,"Independent blockchain (Bitcoin, Peercoin and Bittorrent, using a PoS-modified consensus algorithm)",블록체인 콘텐츠 분산 플랫폼," 4,126,300 ","-3,700 ",-0.09%
13,Golem,Golem,11/11/2016,11/11/2016,https://golem.network/,https://golem.network/doc/Golemwhitepaper.pdf,GNT,8.6,Worldwide Supercomputer,BTC," 12,000 ",44%,0%,2016-11-11,2016-11-11,TBA,Ethereum,https://golem.network,Julian Zawistowki,ICOtracker,Coindesk,OK,Service,Ethereum,분산된 월드와이드 슈퍼 컴퓨터," 8,596,000 ","-4,000 ",-0.05%
14,Komodo,Komodo,10/15/2016,11/20/2016,https://komodoplatform.com/,https://komodoplatform.com/downloads/Komodo_dPoW_Whitepaper_v1.pdf,KMD,1.98,Protection your Privacy with Bitcoin's hashrate,BTC," 2,639 ",65%,25%,2016-10-15,2016-11-20,TBA,Own,https://komodoplatform.com,jl777,ICOtracker,Coindesk,OK,Cryptocurrency,"dPoW (delayed Proof of Work), Based on bitcoin dark and Zcash principles
",암호화폐 안전과 익명성을 위한 새로운 표준," 1,983,000 "," 3,000 ",0.15%
15,Inchain(refund),#N/A,#N/A,#N/A,#N/A,#N/A,#N/A,#N/A,Decentralized insurance platform for the crypto economy,BTC, 156 ,37%,20%,2016-10-27,2016-11-23,TBA,Ethereum,http://ico.inchain.io,Dmitry Lazarichev,ICOtracker,,OK,Insurance,Ethereum,이더리움 스마트 계약 기반의 보험 플랫폼," 166,700 ",#N/A,#N/A
16,Arcade City,Arcade City,11/1/2016,11/29/2016,https://arcade.city/,https://docs.google.com/document/d/1Fm39dHCJmAAZ-P5C-qOc4P2f0Vx__84AhDD98LPNLVY,ARC,0.64,the ridesharing app running on tokens,BTC, 728 ,20%,125%,2016-11-01,2016-11-28,TBA,Ethereum,https://arcade.city,Bernd Lapp,Blockchain연구회,Coindesk,OK,Platform,-,분산 P2P 경제 플랫폼," 632,000 ","-8,000 ",-1.27%
17,Beyond the Void,Beyond the Void,11/1/2016,11/30/2016,https://www.beyond-the-void.net/,https://www.beyond-the-void.net/wiki/tag/ico/,Nexium,0.33,Real Time Strategy Game,BTC, 429 ,36%,0%,2016-11-01,2016-11-30,2017-06-01,Ethereum,http://beyond-the-void.net,Maxence Burgel,ICOtracker,Coindesk,no white paper,Gaming,Ethereum,블록체인 기반의 실시간 전략 게임," 333,000 "," 3,000 ",0.90%
18,Incent,Incent,9/30/2016,11/30/2016,https://www.incentloyalty.com/,0,INCNT,1,Universal Merchant-Backed Loyalty Platform,BTC," 1,024 ",55%,40%,2016-10-01,2016-11-30,TBA,Waves,http://incent.bitscancom,Rob Wilson,ICOtracker,Coindesk,OK,Financial-Service,"Waves, PoS",로얄티 플랫폼," 1,000,000 ", - ,0.00%
19,Mass Network,#N/A,#N/A,#N/A,#N/A,#N/A,#N/A,#N/A,Blockchain-based solution to online advertising,BTC, 312 ,18%,10%,2016-09-01,2016-12-01,TBA,Color Coin,https://mass.network,Alezander A Kuzmin,ICOtracker,,날짜 확인 필요,Advertising,,블록체인 기반의 온라인 광고 솔루션,,#N/A,#N/A
20,Golos,Golos,11/1/2016,12/4/2016,https://golos.io/,https://wiki.golos.io/1-introduction/golos_whitepaper.html,GOLOS,0.45,Social Media Blockchain Platform for russian-speaking community,BTC, 600 ,32%,25%,2016-11-01,2016-12-03,2016-11-18,Graphene,https://golos.io/ico,Dima Starodubcev,ICOtracker,Coindesk,OK,Media,"Graphene II, which is used in BitShares, combined algorithm PoS and PoW",블록체인 기반의 소셜미디어 플랫폼(for russian-speaking community)," 462,000 "," 12,000 ",2.60%
21,ARK,Ark,11/7/2016,12/11/2016,https://ark.io/,https://ark.io/whitepaper/,ARK,1,A Platform for Consumer Adoption,BTC, 193 ,35%,30%,2016-11-07,2016-12-11,2017-02-01,Own,,Francois-Xavier Thoorens,ICOtracker,Coindesk,OK,Cryptocurrency,the Delegated Proof of Stake consensus algorithm,소비자 타게팅을 위한 플랫폼," 998,000 ","-2,000 ",-0.20%
22,vDice,vDice,11/15/2016,12/15/2016,https://www.vdice.io/,https://blog.vdice.io/what-is-vdice-ether-gambling/,vSlice ,1.65,Ethereum Blockchain Gambling,BTC," 2,513 ",3%,30%,2016-11-15,2016-12-13,2016-11-15,Ethereum,http://vdice.io,Jason Colby,ICOtracker,Coindesk,OK,Gambling,Ethereum,이더리움 기반의 분산 갬블링 게임," 1,647,000 ","-3,000 ",-0.18%
23,eGaas,#N/A,#N/A,#N/A,#N/A,#N/A,#N/A,#N/A,Electronic Government as a Service,BTC, 83 ,0%,50%,2016-11-15,2016-12-15,2016-11-15,Own,http://egaas.org/#/,Oleg Strelenko,ICOtracker,,OK,Electronic government as a service,its own blockchain using a DPoS consensus,"경제적, 대중적이고 사회적인 활동을 조직하기 위한 블록체인 플랫폼"," 64,000 ",#N/A,#N/A
24,The Spectreproject,#N/A,#N/A,#N/A,#N/A,#N/A,#N/A,#N/A,Scam Alert,BTC, - ,0%,20%,2016-11-20,2016-12-18,TBA,,https://spectreproject.io,Mandica,ICOtracker,,No White Paper,,,,,#N/A,#N/A
25,BlockCDN,BlockCDN,12/10/2016,12/26/2016,http://www.blockcdn.org/,http://www.blockcdn.org/file/BlockCDN1.2.pdf,BCDN,0.3,BlockCDN is a decentralized CDN(Content delivery Network) trading market,BTC, 432 ,58%,35%,2016-11-28,2016-12-26,TBA,Ethereum,http://www.blockcdn.org,Tony Long,ICOtracker,Coindesk,OK,Service,Ethereum,분산된 CDN 트레이딩 마켓," 300,000 ", - ,0.00%
26,PassLfix,#N/A,#N/A,#N/A,#N/A,#N/A,#N/A,#N/A,"Send parcels like emails, buy items without frontiers, travel cheaply and usefully",BTC, 56 ,27%,0%,2016-12-02,2016-12-31,TBA,Ethereum,http://pacifics.org,Frederic V,ICOtracker,,OK,Service,Ethereum,이더리움 기반의 스마트 계약 소포 배달," 46,000 ",#N/A,#N/A
27,Branche,#N/A,#N/A,#N/A,#N/A,#N/A,#N/A,#N/A,"Makes financial services more affordable, flexible, and accessible than ever before",BTC, - ,0%,15%,2016-12-05,2017-01-02,TBA,Ethereum,http://www.branche.io,John From,ICOtracker,,Web에서 찾을 수 없음,Lending-Service,Ethereum,cheque cashing과 payday loans을 제공하는 서비스 플랫폼," 6,300 ",#N/A,#N/A
28,Wings,Wings,11/18/2016,1/6/2017,https://www.wings.ai/#!/home/discover,https://wingsfoundation.ch/?whitepaper=1,WINGS,2.07,"A decentralized platform to creat, join and manage DAOs",BTC," 2,010 ",89%,30%,2016-11-18,2017-01-06,TBA,Rootstock,https://wings.ai,Sebastian Stupurac,ICOtracker,Coindesk,OK,Crowdfunding platform,Ethereum and Bitcoin via Rootstock,"DAO를 만들고, 관리하기 위한 분산 플랫폼"," 2,074,000 "," 4,000 ",0.19%
29,SwishCOin,#N/A,#N/A,#N/A,#N/A,#N/A,#N/A,#N/A,Bitcoin payments for brick-and-motar businesses,BTC, 11 ,25%,45%,2016-12-15,2017-01-15,TBA,Ethereum,http://swishcoin.com,Alexander A.Kuzmin,ICOtracker,,Web상 접근 한계,Payments,-,인터넷만 연결되어 있다면 어떤 공간에서라도 비트코인을 받을 수 있게 하는 지급결제 솔루션," 13,500 ",#N/A,#N/A
30,Chrono Bank,#N/A,#N/A,#N/A,#N/A,#N/A,#N/A,#N/A,Blockchain revolution for the recruitment industry,BTC," 5,412 ",43%,30%,2016-12-15,2017-02-14,2017-01-08,Ethereum,https://chronobank.io,Sergei Sergienko,ICOtracker,,OK,HR-Service,Ethereum/Classic blockchains,HR/리쿠르팅/금융산업을 변화시키는 것을 목적으로 한 블록체인 프로젝트," 5,397,668 ",#N/A,#N/A
31,Qtum,Qtum,3/16/2017,3/21/2017,https://qtum.org/en/,https://qtum.org/uploads/files/cf6d69348ca50dd985b60425ccf282f3.pdf,QTUM,15.43,Value transfer protocol DAPP Platform,BTC," 11,156 ",35%,25%,2017-03-16,2017-03-21,TBA,Own,https://qtum.org,Patrick Dai,ICOtracker,Coindesk,OK,Dapp platform,"Forking Bitcoin’s source code and adding various custom modules to integrate the EVM, UTXO model, Proof-of-Stake, Master Contract concept",이더리움의 스마트계약과 Dapps를 비트코인 UTXO 거래 모델 기반에서 실행할 수 있도록 하는 프로젝트," 15,646,174 "," 216,174 ",1.38%
32,Edgeless,Edgeless,2/28/2017,3/21/2017,https://edgeless.io/,https://github.com/EdgelessCasino/White_paper/blob/master/White_Paper.pdf,EDG,2.65,Edgeless Casino-0% edge and full transparency,BTC," 2,565 ",34%,20%,2017-02-28,2017-03-21,2017-02-28,Ethereum,https://edgeless.io,Ignas Mangevicius,ICOtracker,Coindesk,OK,Gambling,"Ethereum,  Smart contract token will use ERC 20",이더리움 스마트 계약 기반의 카지노," 2,650,800 ", 800 ,0.03%
33,Mainstreet Investment (refund),#N/A,#N/A,#N/A,#N/A,#N/A,#N/A,#N/A,A private equity investment platform,BTC, - ,0%,25%,2017-02-27,2017-03-27,TBA,Ethereum,http://mainstreet.ky,Charlie Shrem,ICOtracker,,Web에서 찾을 수 없음,Investment,"Ethereum,  Smart contract token will use ERC 20",이더리움 기반의 PE 투자 플랫폼," 150,000 ",#N/A,#N/A
34,Matchpool,Matchpool,4/2/2017,4/3/2017,https://matchpool.co/,https://matchpool.co/wp-content/uploads/2016/12/Matchpool_Whitepaper_140117.pdf,GUP,5.63,Social Network,BTC," 4,757 ",36%,30%,2017-04-02,2017-04-04,TBA,Ethereum,http://matchpool/co,YONATAN BEN SHIMON,ICOtracker,Coindesk,OK,Social Network,Ethereum,"프로파일링과 풀링을 통해 인간관계(matchmaking)를 만들어내는 플랫폼, 풀 오너가 그 안에서 커플이나 의미있는 인간관계를 만들어내면 보상을 받음"," 5,638,750 "," 8,750 ",0.16%
35,COSMOS,Cosmos,4/5/2017,4/5/2017,https://cosmos.network/,0,0,0.39,Network of distributed ledgers,BTC," 14,310 ",32%,0%,2017-04-06,2017-04-06,TBA,Tendermint,http://cosmos.network,Jae Kwon,ICOtracker,Coindesk,OK,Blockchain-infrastructure,"Classical Byzantine fault-tolerant (BFT) consensus, general application of the Bitcoin sidechains concept, using classic BFT and Proof-of-Stake algorithms",분산장부들의 네트워크," 16,722,594 "," 16,332,594 ",97.67%
36,Blockchain Capital Fund III,#N/A,#N/A,#N/A,#N/A,#N/A,#N/A,#N/A,First Digital Liquid Venture Fluid,BTC," 8,250 ",33%,0%,2017-04-10,2017-04-10,TBA,,,Brock Pierce,ICOtracker,,찾지 못함,,,,,#N/A,#N/A
37,iEX.ec,IEX.EC,4/19/2017,4/19/2017,http://iex.ec/,http://iex.ec/wp-content/uploads/2017/04/iExec-WPv2.0-English.pdf,RLC,12.12,Blockchain-based distributed cloud computing,BTC," 10,000 ",41%,20%,2017-04-19,2017-04-19,TBA,,http://iex.ec,Giles Fedak,ICOtracker,Coindesk,OK,Blockchain-infrastructure,Ethereum,이더리움 기반 분산 클라우드 컴퓨팅," 12,155,834 "," 35,834 ",0.29%
38,GNOSIS,Gnosis,4/24/2017,4/24/2017,https://gnosis.pm/,https://gnosis.pm/resources/default/pdf/gnosis_whitepaper.pdf,GNO,12.25,Make complex predictions with an easy to use prediction market,BTC," 1,500 ",28%,0%,2017-04-24,2017-04-24,TBA,Ethereum,https://www.gnosis.pm,Martin Koeppelmann,ICOtracker,Coindesk,OK,Service,Ethereum,이더리움 기반 예측 마켓을 위한 플랫폼," 12,250,000 ", - ,0.00%
39,Humaniq,Humaniq,4/6/2017,4/27/2017,https://humaniq.co/,0,HMQ,5.16,"Blockchain, mobile devices and biometric identificaiton system",BTC," 5,200 ",39%,25%,2017-04-06,2017-04-27,TBA,Ethereum,https://humaniq.co,Alex Fork,ICOtracker,Coindesk,OK,Mobile Wallet,Ethereum,교육이 되지 않고 은행에 등록되기 어려운 사람 및 기관을 대상으로 은행 서비스 제공," 5,163,000 "," 3,000 ",0.06%
40,TaaS,TaaS,3/27/2017,4/27/2017,https://taas.fund/,http://taas.fund/media/whitepaper.pdf,TAAS,7.57,Token-as-a service/Cloud-end Fund,BTC," 3,600 ",39%,25%,2017-03-27,2017-04-27,2017-03-27,Ethereum,http;//taas.fund,Rusian Gavilyuk,ICOtracker,Coindesk,OK,Investment,Profit-sharing smart contract,토큰화된 closed-end 펀드," 7,593,430 "," 23,430 ",0.31%
41,Back to Earth,Back to Earth,4/26/2017,4/28/2017,https://backto.earth/,https://backto.earth/blog/back-to-earth-white-paper/,SRC,0.97,Imersive entertainment that can be enhanced by spending cryptographic tokens,BTC, 600 ,23%,0%,2017-04-26,2017-04-28,TBA,Ethereum,https://backto.earth/blog/category/back-to-earth-crowdfund/,Clay Space,Smith+Crown/ICO tracker,Coindesk,OK,Gaming,-,블록체인 기반 ARG(Alternate Reality Game) 플랫폼," 1,000,000 "," 30,000 ",3.00%
42,Lunyr,Lunyr,3/29/2017,4/28/2017,https://lunyr.com/,https://github.com/Lunyr/Lunyr/blob/master/Lunyr_White_Paper_ENG.pdf,LUN,5.32,A decentralized world knowledge base on Ethereum driven by economic incentives,BTC," 1,943 ",30%,0%,2017-03-29,2017-04-28,TBA,Ethereum,http://lunyr.com,Arnold Pham,ICOtracker/Smith+Crown,Coindesk,OK,Service,Ethereum,이더리움 기반의 사용자 인센티브에 의해 만들어지는 분산 백과사전," 2,807,800 ","-2,512,200 ",-89.47%
43,Creativechain,Creativechain,3/15/2017,5/1/2017,https://www.creativechain.org,http://creativechain.org/whitepaper/,CREA,0.35,Decentralized platform for the registration and distribution of content,BTC, 209 ,67%,21%,2017-03-15,2017-05-01,2017-05-01,Own,http://creativechain.org,David Proto,ICOtracker,Coindesk,OK,Media,"Smart contracts, Tarsius File System (TFS)",지적 재산권에 대한 마켓플레이스," 289,150 ","-60,850 ",-21.04%
44,Ethbits,Ethbits,4/15/2017,5/15/2017,https://www.ethbits.com/,https://ico.ethbits.com/white_paper.pdf,ETB,1.28,Secure trades between people from bank accounts to CryptoCurrency,BTC, 650 ,29%,0%,2017-04-15,2017-05-15,TBA,Ethereum,https://ico.ethbits.com,Monty Singh,ICOtracker,Coindesk,OK,Exchange,Ethereum,"암호화폐를 교환하고 트레이딩하는 플랫폼, pool trading과 같이 유망한 15개의 암호 화폐를 트레이딩 하는 플랫폼을 제공함으로서 경험이 없는 트레이더들도 위험을 줄일 수 있도록 설계"," 1,282,650 "," 2,650 ",0.21%
45,Aragon Network,#N/A,#N/A,#N/A,#N/A,#N/A,#N/A,#N/A,Build unstoppable organizations on ethreum,BTC," 13,750 ",0%,0%,2017-05-17,2017-05-17,TBA,Ethereum,https://aragon.one,Luis Cuende,ICOtracker,,OK,,,,,#N/A,#N/A
46,EncryptoTel,EncryptoTel,4/24/2017,7/1/2017,https://encryptotel.com/,0,ETT,4.52,Proprietary softphone infrastructure with blockchain-based VoIP communication,BTC," 2,657 ",30%,20%,2017-04-24,2017-05-18,TBA,Waves,http://ico.encryptotel.com,Roman Nekrasov,ICOtracker,Coindesk,OK,Service,Traffic encryption based on SIP/TLS technologies,블록체인 기술 응용한 VoIP커뮤니케이션 인프라 스트럭쳐," 4,517,000 ","-3,000 ",-0.07%
47,Storj,Storj,5/19/2017,5/25/2017,https://storj.io/index.html,https://storj.io/storj.pdf,STORJ,29.22,Decentralized Storage,BTC," 12,000 ",0%,0%,2017-05-19,2017-05-25,TBA,Ethereum,,Shawn Wilkison,ICOtracker,Coindesk,OK,Cloud Storage,Ethereum,블록체인 기반 암호화된 분산 저장소," 25,404,231 ","-3,815,769 ",-15.02%
48,MobileGo,MobileGo,4/25/2017,5/25/2017,https://mobilego.io/,https://mobilego.io/pdf/MobileGo-Whitepaper.pdf,MOBILEGO,53.07,A decentralized Mobile Gaming platform and store for in-game purchase,BTC," 21,000 ",38%,0%,2017-04-25,2017-05-25,TBA,"waves, Ethereum",https://mobilego.io/,Sergey Sholom,ICOtracker,Coindesk,OK,Gaming,"Waves platform, Ethereum platform",게임 크렛딧의 에코시스템을 위한 스마트 토큰," 47,638,400 ","-5,431,600 ",-11.40%
49,Mysterium Network,Mysterium Network,5/30/2017,5/30/2017,https://mysterium.network/,https://mysterium.network/whitepaper.pdf,MYST,14.1,Decentralised VPN service built on blockchain,BTC," 6,520 ",0%,0%,2017-05-30,2017-05-30,TBA,Ethereum,https://mysterium.network/,Robertas Visinskis,ICOtracker,Coindesk,OK,Service,"P2P, Blockchain, Smart Contracts, State Channels",블록체인 기반 분산 VPN 공유 서비스," 14,100,000 ", - ,0.00%
50,Exscudo,Exscudo,4/25/2017,5/31/2017,https://exscudo.com/,https://exscudo.com/Whitepaper_v1.0.pdf,EON,5.3,EXSCUDO - Nextgen Financial Ecosystem,BTC," 1,521 ",20%,0%,2017-04-25,2017-05-31,TBA,,http://exscudo.com/,Andrew Zimine,ICOtracker,Coindesk,OK,Exchange,DePOS (delegated proof of stake),암호화폐 트레이딩 플랫폼," 5,329,929 "," 29,929 ",0.56%
51,Basic Attention Token,Basic Attention Token,5/31/2017,5/31/2017,https://basicattentiontoken.org/,https://basicattentiontoken.org/BasicAttentionTokenWhitePaper-4.pdf,BAT,35,BLOCKCHAIN-BASED DIGITAL ADVERTISING,BTC," 14,000 ",28%,0%,2017-05-31,2017-05-31,TBA,Ethereum,https://basicattentiontoken.org/,Brendan Eich,ICOtracker,Coindesk,OK,Advertising,Ethereum,블록체인 기반 디지털 광고 서비스 (Brave 브라우져 + BAT)," 35,956,440 "," 956,440 ",2.66%
52,Patientory,Patientory,5/31/2017,6/3/2017,https://patientory.com/,https://patientory.com/patientory_whitepaper.pdf,PTOY,6.52,Medical blockchain,BTC," 2,880 ",42%,20%,2017-05-31,2017-06-03,TBA,Ethereum,http://www.patientory.com,Chrissa McFarlane,ICOtracker,Coindesk,OK,Medical,Ethereum,의료 정보 저장 및 관리 서비스 ," 7,296,255 "," 776,255 ",10.64%
53,ZrCoin,Zrcoin,5/11/2017,6/9/2017,https://zrcoin.io/,https://zrcoin.io/files/Whitepaper_ENG.pdf,ZRC,7.01,he world's first commodity-backed blockchain option,BTC," 2,460 ",36%,50%,2017-05-11,2017-06-09,2018-02-01,waves,https://zrcoin.io/,Vitaliy Merzlyakov,ICOtracker,Coindesk,OK,Investment,-,블록체인 및 가상화폐 기반의 원자재 옵션," 6,133,086 ","-876,914 ",-14.30%
54,Æternity,#N/A,#N/A,#N/A,#N/A,#N/A,#N/A,#N/A,The Oracle Machine,BTC," 4,200 ",20%,7%,2017-05-29,2017-06-10,TBA,Ethereum,https://www.aeternity.com,Yanislav Malahov,ICOtracker,,OK,,,,,#N/A,#N/A
55,BitCAD,#N/A,#N/A,#N/A,#N/A,#N/A,#N/A,#N/A,Encrypted Smart Platform,BTC," 2,641 ",0%,79%,2017-05-04,2017-06-11,2017-05-04,Ethereum,http://bitcad.me,Vladislav Mitrofanov,ICOtracker,,OK,,,,,#N/A,#N/A
56,The Bancor Protocol,#N/A,#N/A,#N/A,#N/A,#N/A,#N/A,#N/A,Instant Liquidity for Any Cryptocurrency,BTC," 56,110 ",0%,0%,2017-06-12,2017-06-12,TBA,Ethereum,https://bancor.network/,Guy Benartzi,ICOtracker,,OK,,,,,#N/A,#N/A
57,Sonm,SONM,6/15/2017,7/15/2017,https://sonm.io/,https://sonm.io/Sonm1.pdf,SNM,42,Supercomputer Organized by Network Mining,BTC," 12,000 ",34%,0%,2017-06-15,2017-06-15,TBA,Ethereum,https://sonm.io,Sergey Ponomarev,ICOtracker,Coindesk,OK,Service,"Ethereum Smart Contracts as a PoE (Proof of Execution) and consensus system, BitMessage for communication, P2P technologies ? BitTorrent for data transfer, modified P2P BOINC protocol as a scientific platform",이더리움 기반의 글로벌 분산 슈퍼컴퓨팅 파워 네트워크," 41,247,476 ","-752,524 ",-1.82%
58,Internet of Coins,Internet of Coins,3/21/2017,6/21/2017,https://coinstorm.net/en,https://coinstorm.net/whitepaper_ioc.pdf,HYBRID,1.1,Decentralized Inclusive Cryptocurrency Environment,BTC, 172 ,36%,0%,2017-03-21,2017-06-21,TBA,own,https://coinstorm.net/en,Joachim de Koning,ICOtracker,Coindesk,OK,Blockchain-infrastructure,"Multiple blockchains, inter-blockchain construct called a hybrid asset",블록체인과 분산장부 네트워크 상의 모든 디지털화된 가치들을 서로 연결하어 자립하는 생태계를 만들기위한 프로젝트," 1,160,155 "," 60,155 ",5.19%
59,FootballCoin,FootballCoin,5/24/2017,6/23/2017,https://www.xfccoin.io/,0,XFC,2.42,XFC Collectible Cards,BTC, 858 ,0%,0%,2017-05-24,2017-06-23,TBA,XCP,https://www.xfccoin.io/,,ICOtracker,Coindesk,찾을 수 없음,,,,,"-2,420,000 ",#DIV/0!
60,Civic,Civic,6/21/2017,6/22/2017,https://www.civic.com/,https://tokensale.civic.com/CivicTokenSaleWhitePaper.pdf,CVC,33,"On-demand, secure and low-cost access to identity verification via the blockchain",BTC," 12,000 ",34%,0%,2017-06-21,2017-06-24,TBA,Ethereum,https://www.civic.com/,?Vinny Lingham,ICOtracker,Coindesk,OK,Service,Ethereum,블록체인을 통해 아이덴터티 증명 서비스," 29,462,274 ","-3,537,726 ",-12.01%
61,TenX,TenX,6/24/2017,6/24/2017,https://www.tenx.tech/,https://www.tenx.tech/whitepaper/tenx_whitepaper_final.pdf,PAY,83.11,Payment platform for blockchain assets,BTC," 27,200 ",36%,20%,2017-06-24,2017-06-24,TBA,Ethereum,https://www.tenx.tech/,Julian Hosp,ICOtracker,Coindesk,OK,Service,"COMIT protocols: off-chain transaction protocol, Cross-chain Payment Channels",블록체인 기반  자산들을 일상생활에서 쓸 수 있는 서비스 제공," 60,908,000 ","-22,202,000 ",-36.45%
62,NTRY platform,#N/A,#N/A,#N/A,#N/A,#N/A,#N/A,#N/A,SCAM ALERT!,BTC, - ,0%,100%,2017-06-18,2017-06-24,TBA,Ethereum,http://www.notary-platform.com/,?Iztok Perus,ICOtracker,,OK,,,,,#N/A,#N/A
63,Wagerr,Wagerr,6/1/2017,6/25/2017,https://wagerr.com/,https://wagerr.com/wagerr_whitepaper_v1.pdf,WGR,9.92,Decentralized sportsbook with bets on sports,BTC," 1,590 ",29%,0%,2017-06-01,2017-06-25,TBA,Ethereum,https://wagerr.com/,David Mah,ICOtracker,Coindesk,OK,Gambling,-,분산원장 기반의 스포츠 베팅," 11,116,229 "," 1,196,229 ",10.76%
64,Primalbase,Primalbase,6/26/2017,7/26/2017,http://primalbase.com/,http://primalbase.com/assets/PrimalbaseWP.pdf,PBT,6.82,Distributed Workspace for Tech Community,BTC," 3,100 ",0%,40%,2017-06-26,2017-06-27,TBA,waves,http://primalbase.com/,Dmitry Faller,ICOtracker,Coindesk,OK,Service,WAVES protocols,테크 기업들이 분산된 업무 환경에서 일할 수 있는 플랫폼 제공(블록체인 세계에서의 WeWork)," 3,770,115 ","-3,049,885 ",-80.90%
65,SilverCoin,SilverCoin,6/21/2017,6/27/2017,https://silvercoin.io/,https://silvercoin.io/whitepaper/,SVC,0.21,Platform: Ardor/NXT blockchain Universal Web Monetization Platform,BTC, - ,0%,0%,2017-06-21,2017-06-27,TBA,Own,https://silvercoin.io/,Steve Willcott,ICOtracker,Coindesk,OK,Platform,Proof-of-Change protocol.,웹 현금화 및 커뮤니티 참여 플랫폼," 206,250 ","-3,750 ",-1.82%
66,BLOCKPOOL,BlockPool,5/1/2017,6/30/2017,https://blockpool.io,https://blockpool.io/docs/BLOCK_WP_A.pdf,BPL,1.75,B2B Blockchain Services Provider,BTC, 130 ,25%,0%,2017-05-01,2017-06-30,2017-08-15,Own,https://blockpool.io/,Kenneth I Foster,ICOtracker,Coindesk,OK,Service,-,B2B대상 블록체인 솔루션 제공 ," 1,751,444 "," 1,444 ",0.08%
67,AdEx,AdEx,6/30/2017,6/30/2017,https://www.adex.network/,https://www.adex.network/adex/AdEx-Whitepaper-v1.4.pdf,ADX,12.31,A Decentralized Ad Network,BTC," 4,400 ",37%,0%,2017-06-30,2017-07-02,2018-01-30,Waves,http://www.adex.network/,?Ivo Georgiev,ICOtracker,Coindesk,OK,Advertising,Ethereum,분산기반의 광고 네트워크," 12,075,200 ","-234,800 ",-1.94%
68,OmiseGO,OmiseGO,6/22/2017,6/23/2017,https://omg.omise.co/,https://cdn.omise.co/omg/whitepaper.pdf,OMG,21,E-wallet Platform,BTC, - ,15%,0%,2017-06-27,2017-07-03,TBA,Ethereum,https://omg.omise.co/,?Jun Hasegawa,ICOtracker,Coindesk,OK,Exchange,"Ethereum, Proof-of-Stake (PoS) ",데이터 저장 네트워크와 비트코인 기반 전자 화폐 거래소(다른 블록체인과 혹은 다수의 블록체인 사이에 해당 토큰(without a trusted gateway token) 없이도 교환 가능)," 21,000,000 ", - ,0.00%
69,openANX,OpenANX,0,7/4/2017,https://www.openanx.org/en/,https://www.openanx.org/en/assets/whitepaper/openANX_Technical_White_Paper_ENU.pdf,OAX,18.76,Real World Application of Decentralized Exchanges,BTC," 7,320 ",27%,0%,2017-06-22,2017-07-04,TBA,Ethereum,https://www.openanx.org/en/,Ken Lo,ICOtracker,Coindesk,OK,Exchange,Ethereum,"이더리움 기반 분산 거래소, 교환 플랫폼을 openANX 플랫폼에 연결시키며 담보된 디포짓 시스템을 강요하여 유저들이 리스크 평가 할 수 있게 만듦 "," 14,056,862 ","-4,703,138 ",-33.46%
70,OnPlace Inc.,#N/A,#N/A,#N/A,#N/A,#N/A,#N/A,#N/A,Invest in private companies through OPL Tokens,BTC, 40 ,24%,0%,2017-06-05,2017-07-05,2017-10-01,Ethereum,http://investments.onplace.io,Evgeniy Perikov,ICOtracker,,OK,,,,,#N/A,#N/A
71,Santiment,Santiment,7/4/2017,7/5/2017,https://santiment.net,https://docs.google.com/document/d/1hHmJQWrPrObSgCA8kTbk-4LgqGbYzukQAjtg5b8jwc0,SAN,12.09,Сryptomarkets intelligence platform,BTC," 7,845 ",39%,54%,2017-06-01,2017-07-05,2017-06-01,Ethereum,http://www.santiment.net,Maksim Balashevich,ICOtracker,Coindesk,OK,Service,-,암호화폐 마켓 인텔리젼스 플랫폼으로 암호화폐 트레이더들에게 마켓 센티멘트 분석 툴을 제공," 135,000 ","-11,955,000 ",-8855.56%
72,300,#N/A,#N/A,#N/A,#N/A,#N/A,#N/A,#N/A,In memory of the 300 Spartan Soldiers from the Battle of Thermopylae,BTC, 10 ,10%,0%,2017-07-01,2017-07-06,TBA,Ethereum,https://300tokensparta.com/,Bulista,ICOtracker,,찾을 수 없음,,,,,#N/A,#N/A
73,Bitquence,Bitquence,6/28/2017,7/16/2017,https://www.bitquence.com/,0,BQX,1.23,Next-Generation Digital Wallet,BTC, 218 ,21%,0%,2017-06-28,2017-07-13,TBA,Ethereum,https://www.bitquence.com,Shingo Lavine,ICOtracker,Coindesk,OK,Financial-Service,Ethereum,한 번에 다양한 암화화폐를 매매할 수 있는 유니버셜 월렛 제공," 2,238,929 "," 1,008,929 ",45.06%
74,Orocrypt,Orocrypt,6/14/2017,7/14/2017,https://orocrypt.com/#,https://orocrypt.com/docs/whitepaper.pdf,OROC,0.14,Digitized Precious Metals On The Ethereum Blockchain,BTC, 53 ,0%,0%,2017-06-14,2017-07-14,TBA,Ethereum,https://orocrypt.com,Alejandra de Gaustad,ICOtracker,Coindesk,OK,Service,Ethereum,이더리움 블록체인 기반의 귀금속을 디지털화하는 플랫폼," 132,285 ","-7,715 ",-5.83%
75,Tezos,Tezos,7/1/2017,7/13/2017,https://www.tezos.com/,https://www.tezos.com/static/papers/white_paper.pdf,XTZ,232,Tezos is a self-amending cryptographic ledger.,BTC," 99,000 ",43%,20%,2017-07-01,2017-07-14,TBA,Own,https://www.tezos.com,Arthur Breitman,ICOtracker,Coindesk,OK,Blockchain-platform,"its own blockchain, proof-of-stake consensus algorithm, Ocaml(functional programming language)","스스로 코드를 검증하고 수학적으로 증명된 거래방식이나 스마트계약을 사용할 수 있게 하여 스스로 운영하는 디지털 기관, 단체를 설립할 수 있는 플랫폼 제공"," 238,077,960 "," 6,077,960 ",2.55%
76,CoinDash,CoinDash,7/17/2017,7/17/2017,https://coindash.io/,https://coindash.io/coindash-whitepaper.pdf,CDT,0,The operating system for crypto assets,BTC," 6,140 ",33%,0%,2017-07-17,2017-07-17,TBA,,https://www.coindash.io/,Alon Muroch,ICOtracker,Coindesk,OK,,,,, - ,#DIV/0!
77,Encrypgen,#N/A,#N/A,#N/A,#N/A,#N/A,#N/A,#N/A,"Software for securely storing, sharing, and protecting genomic data",BTC, 563 ,27%,0%,2017-06-29,2017-07-17,TBA,Own,https://www.encrypgen.com/,David Koepsell,ICOtracker,,OK,,,,,#N/A,#N/A
78,FinShi Capital,#N/A,#N/A,#N/A,#N/A,#N/A,#N/A,#N/A,Venture blockchain-based fund for investing in blockchain startups,BTC, - ,0%,10%,2017-07-05,2017-07-18,TBA,Waves,http://finshi.capital/,Andrey Orlov,ICOtracker,,OK,,,,,#N/A,#N/A
79,Tierion,Tierion,7/27/2017,8/10/2017,https://tokensale.tierion.com/,https://tokensale.tierion.com/TierionTokenSaleWhitePaper.pdf,TNT,25.04,A New Standard For Verifiable Data,BTC," 9,500 ",0%,0%,2017-07-27,2017-07-28,TBA,Ethereum,https://tierion.com/,Wayne Vaughan,ICOtracker,Coindesk,OK,,,,,"-25,040,000 ",#DIV/0!
80,True Flip,#N/A,#N/A,#N/A,#N/A,#N/A,#N/A,#N/A,Worldwide Blockchain Lottery,BTC," 1,868 ",40%,30%,2017-06-28,2017-07-29,2017-04-20,Ethereum,https://trueflip.io/,Nikita Parhomenko,ICOtracker,,OK,,,,,#N/A,#N/A
81,NEVERDIE,#N/A,#N/A,#N/A,#N/A,#N/A,#N/A,#N/A,ETHEREUM BLOCKCHAIN GAMING,BTC, - ,0%,30%,2017-06-30,2017-07-30,2017-06-18,Ethereum,https://neverdie.com/,Jon NEVERDIE Jacobs,ICOtracker,,OK,,,,,#N/A,#N/A
82,InsureX,InsureX,7/10/2017,7/13/2017,https://insurex.co/,https://insurex.co/wp-content/uploads/2017/05/insurex_whitepaper.pdf,IXT,17.27,An alternative marketplace for insurance products,BTC, - ,0%,30%,2017-07-11,2017-07-31,07월 11일,Ethereum,https://www.insurex.co,?Ingemar Svensson,ICOtracker,Coindesk,OK,Insurance,InsureX,블록체인 기반 보험 솔루션 제공," 19,761,580 "," 2,491,580 ",12.61%
83,SunContract,SunContract,6/30/2017,8/1/2017,https://suncontract.org/,https://suncontract.org/res/whitepaper.pdf,SNC,2.41,An energy trading platform that utilises blockchain technology,BTC, 460 ,24,0%,2017-06-28,2017-08-01,TBA,Ethereum,https://suncontract.org/,MSc Gregor Novak,ICOtracker,Coindesk,OK,,,,,"-2,410,000 ",#DIV/0!
84,district0x Network,district0x Network,7/18/2017,8/1/2017,https://district0x.io/,https://district0x.io/docs/district0x-whitepaper.pdf,DNT,13.19,A network of decentralized markets and communities,BTC, - ,30,0%,2017-07-18,2017-08-01,TBA,Aragon,https://district0x.io/,Matus Lestan,ICOtracker,Coindesk,OK,,,,,"-13,190,000 ",#DIV/0!
85,BitClave,#N/A,#N/A,#N/A,#N/A,#N/A,#N/A,#N/A,Decentralized Search,BTC, - ,40,0%,2017-07-25,2017-08-01,07월 02일,Ethereum,https://www.bitclave.com,Alex Bessonov,ICOtracker,,OK,,,,,#N/A,#N/A
86,ACT,#N/A,#N/A,#N/A,#N/A,#N/A,#N/A,#N/A,Citizens First Driving Social Accountability,BTC, - ,0,0%,2017-07-18,2017-08-01,TBA,,https://www.daoact.org/,Fraser Brown,ICOtracker,,OK,,,,,#N/A,#N/A
87,Starta,Starta,7/4/2017,7/4/2017,https://startaico.com/,https://startaico.com/files/whitepaper.pdf,Starta,5,Business Accelerator,BTC, - ,0,0%,2017-07-04,2017-08-03,TBA,Waves,http://startaaccelerator.com/,Alexey Girin,ICOtracker,Coindesk,OK,Investment,Waves blockchain,동유럽의 기술 회사들이 미국으로 진출 할 수 있도록 도와주는 엑셀러레이션 프로그램," 5,050,415 "," 50,415 ",1.00%
88,Dfinity,Dfinity,2/11/2017,2/13/2017,https://dfinity.network/,https://dfinity.network/documentation/,DFN,3.75,a decentralized cloud governed by a distributed intelligence,USD," 3,750,000 ",,,2017-02-11,2017-02-12,,,,,Smith+Crown,Coindesk,못찾음,Blockchain-infrastructure,-,분산 클라우드," 3,750,000 ", - ,0.00%
89,Melon,Melon,2/15/2017,2/15/2017,https://melonport.com/,https://github.com/melonproject/greenpaper/blob/master/melonprotocol.pdf,MLN,2.9,Distributed digital asset management (aka hedge funds) on the Ethereum blockchain,USD," 2,900,000 ",,,2017-02-15,2017-02-15,,Ethereum,,,Smith+Crown,Coindesk,OK,,,,,"-2,900,000 ",#DIV/0!
90,Augmentors,Augmentors,1/31/2017,2/28/2017,http://www.augmentorsgame.com/,http://www.augmentorsgame.com/wp-content/uploads/2017/01/170130.cln-Augmentor-ICO-Sale-Agreement.pdf,DBT,1.09,An augmented reality creature fighting game built on the Bitcoin network,USD," 1,087,000 ",,,2017-01-31,2017-03-01,,,https://www.augmentorsgame.com/sog-pre-token-sale-old/,,Smith+Crown,Coindesk,OK,Gaming,-,비트코인 블록체인 기반의 증강현실게임," 1,069,500 ","-20,500 ",-1.92%
91,Juberr,#N/A,#N/A,#N/A,#N/A,#N/A,#N/A,#N/A,SCAM/website and devs unresponsive. Scan investigatio in progress on bitcointalk. A cecentralized market place for tasks and services build on Ethereum,USD," 23,449 ",,,2017-03-12,2017-03-26,,,,,Smith+Crown,,못찾음,,,,,#N/A,#N/A
92,Equibit,Equibit,2/1/2017,3/31/2017,http://equibitgroup.com/,http://equibit.org/equibit.pdf,EQB,1.14,"A blockchain platform for issuing, trading and managing both public and private equity",USD," 552,000 ",,,2017-02-01,2017-03-31,,,https://ico.equibitgroup.com/,Chris Horlacher,Smith+Crown,Coindesk,OK,Exchange,"A fork of the Bitcoin blockchain, AML and KYC will be incorporated in the chain via what we call ""trading passports.""",기존주식시장의 비효율성 해결을 목표로 하는 P2P 기반 전자 주식 시스템(배당금 회사로부터 자동 지급) ," 550,000 ","-590,000 ",-107.27%
93,Chain of Points,Chain of Points,2/26/2017,3/31/2017,https://chainofpoints.com/,https://chainofpoints.com/cop_whitepaper.pdf,POINTS,0.01,An ethereum-based platform for creating and managing loyalty rewards program,, - ,,,2017-02-26,2017-03-31,,,https://chainofpoints.com/#promo-widget,,Smith+Crown,Coindesk,OK,Financial-Service,"Delegated Proof-of-Stake-based consensus algorithm (DPoS), Ricardian Contracts language",로얄티 프로그램에 참여를 유도하기위한 블록체인기반 플랫폼," 11,500 "," 1,500 ",13.04%
94,WeTrust,WeTrust,3/2/2017,4/12/2017,https://www.wetrust.io/,https://www.wetrust.io/#home-section-whitepaper,TRST,4.66,Increasing financial inclusion by bringing new types of banking services into the mainstream,USD," 4,662,000 ",,,2017-03-02,2017-04-12,,,https://www.wetrust.io/,,Smith+Crown,Coindesk,OK,Financial-Service,Smart contracts and blockchain ,분산 협력기반의 예금 및 보험 플랫폼," 5,279,400 "," 619,400 ",11.73%
95,Rchain,#N/A,#N/A,#N/A,#N/A,#N/A,#N/A,#N/A,A multilayer tech stack featuring a new turing complete smart contract programming language,, - ,,,2017-04-05,2017-04-16,,,,,Smith+Crown,,redemption,Blockchain-platform,-,새로운 튜링 완전한 스마트 계약 프로그래밍언어를 특징으로 하는 블록체인 아키텍쳐, - ,#N/A,#N/A
96,The Memessenger,#N/A,#N/A,#N/A,#N/A,#N/A,#N/A,#N/A,A picture(meme) and audio only moobile messenger app,,,,,,,,,,,Smith+Crown,,OK,,,,,#N/A,#N/A
99,Apptrade,Apptrade,2/28/2017,4/30/2017,https://www.apptrade.io/,https://ito.apptrade.io/docs/opp.pdf,APPX,0.24,A marketplace for investing in app protfolio funds,,,,,2017-02-28,2017-04-30,,,https://www.apptrade.io/,,Smith+Crown,Coindesk,OK,Crowdsourcing platform,"Bitshares blockchain, tokens will be tradeable on OpenLedger’s DEX marketplaces ",어플리케이션 포트폴리오 펀드에 투자하기위한 마켓 플레이스," 185,400 ","-54,600 ",-29.45%
100,TokenCard,TokenCard,5/2/2017,5/2/2017,https://tokencard.io/,http://tokencard.io/tokencard_whitepaper.pdf,TKN,12.7,Physical debit card that uses a contract wallet to hold ethereum based tokens without the need for deposits,USD," 12,700,000 ",,,2017-05-02,2017-05-02,,Ethereum,http://tokencard.io/,,Smith+Crown,Coindesk,OK,Service,Ethereum,이더리움 직불 카드로 Visa가 수용되는 곳에서는 ERC 20을 사용할 수 있음," 12,700,000 ", - ,0.00%
101,Quantum Resutant Ledger,#N/A,#N/A,#N/A,#N/A,#N/A,#N/A,#N/A,A blockchain designed for long-term stability with quantum computing resistant encryption. This is a pre-sale round,USD,"3,907,558",,,2017-05-01,2017-05-23,,BTC and ETH,https://theqrl.org,,Smith+Crown/Blockchain연구회,,OK,Blockchain-infrastructure,-,양자컴퓨팅에 대응할 수 있는 암호화 기술로 장기 안정성을 제공하는 퍼블릭 블록체인," 3,907,558 ",#N/A,#N/A
102,Nexxus,Nexxus,5/8/2017,5/8/2017,http://www.nexxuscoin.com/sections/company/21/nexxuscoin/index.html,0,NXX,0,A services company for the crypocurrency industry that aims to encourage widespread adoption with physical cryptocurrency cafes and education programs,Cancelled,,,,2017-05-08,2017-05-08,,,http://www.nexxuscoin.com/sections/company/21/nexxuscoin/index.html,,Smith+Crown,Coindesk,OK,,,,, - ,#DIV/0!
103,Ziber,#N/A,#N/A,#N/A,#N/A,#N/A,#N/A,#N/A,The First Blockchain mobile operator (SCAM ALERT!!!),BTC, - ,0,,2017-07-27,2017-08-01,,Ethereum,https://ziber.io,?Mark Braun,ICO Tracker,,찾을 수 없음,,,,,#N/A,#N/A
104,CryptoABS,#N/A,#N/A,#N/A,#N/A,#N/A,#N/A,#N/A,Stabilize the Ethereum Ecosystem but also revitalize the capitals in both worlds,BTC, - ,0,0,2017-07-14,2017-08-04,,Ethereum,https://cryptoabs.com/,Yung Chieh Tsai,ICO Tracker,,OK,,,,,#N/A,#N/A
105,KUNA,#N/A,#N/A,#N/A,#N/A,#N/A,#N/A,#N/A,First public cryptoassets exchange in CIS,, - ,0,0,2017-07-28,2017-08-08,,Waves,https://kuna.io/?lang=en,,ICO Tracker,,찾을 수 없음,,,,,#N/A,#N/A
106,Digital Developers Fund,#N/A,#N/A,#N/A,#N/A,#N/A,#N/A,#N/A,High growth digital fund,BTC, 563 ,0,0,2017-07-10,2017-08-10,,Ethereum,https://www.digitaldevelopersfund.com/,Michael Marcovici,ICO Tracker,,OK,,,,,#N/A,#N/A
107,SkyWay,#N/A,#N/A,#N/A,#N/A,#N/A,#N/A,#N/A,,,,,,,,SCAM ALERT,Ethereum,http://skywayico.com/,Scott Baker,ICO Tracker,,OK,,,,,#N/A,#N/A
108,Status Network,#N/A,#N/A,#N/A,#N/A,#N/A,#N/A,#N/A,,USD,"275,814,878",,,2017-06-20,2017-06-20,,,https://status.im,,Blockchain연구회,,OK,Platform,Ethereum,오픈소스 메세징 플랫폼과 이더리움 네트워크 상에서 구동되는 분산 어플리케이션과 상호 작용할 수 있는 모바일 인터페이스," 275,814,878 ",#N/A,#N/A
109,Bancor,Bancor,6/12/2017,6/12/2017,https://www.bancor.network/,https://www.bancor.network/static/Bancor_Protocol_Whitepaper_en.pdf,BNT,153,,USD,"156,569,515",,,2017-06-12,2017-06-12,,,https://bancor.network/,,Blockchain연구회,Coindesk,OK,Exchange,ERC20-compliant tokens on the Ethereum blockchain,스마트 계약을 통해 어떤 가상화폐라도 현금화 할 수 있는 플랫폼," 156,569,515 "," 3,569,515 ",2.28%
110,The Dao (refund),#N/A,#N/A,#N/A,#N/A,#N/A,#N/A,#N/A,,USD,"142,450,000",,,2016-04-29,2016-05-27,,,https://forum.daohub.org,,Blockchain연구회,,OK,DAO,Ethereum,분산된 자율 기관," 142,450,000 ",#N/A,#N/A
111,Polybius,Polybius,5/31/2017,7/5/2017,https://polybius.io/,https://polybius.io/media/prospectus.pdf,PLBT,31.65,,USD,"32,425,872",,,2017-05-31,2017-07-06,,,https://polybius.io/,,Blockchain연구회,Coindesk,OK,Banking,Ethereum,가상화폐 기반의 규제된 은행," 32,425,872 "," 775,872 ",2.39%
112,Aeternity,Aeternity,4/3/2017,4/6/2017,https://www.aeternity.com/,http://blockchain.aeternity.com/%C3%A6ternity-blockchain-whitepaper.pdf,XAE,22.63,,USD,"32,259,379",,,2017-05-28,2017-06-09,,,http://www.aeternity.com/,,Blockchain연구회,Coindesk,OK,Blockchain-platform,"hybrid Proof-of-Work and Proof-of-Stake, programming language Erlang, Chalang(almost identical to Ethereum smart-contracts language), Smart-contract state: Off-chain (in state channels)","초고속 거래, 스마트 계약, 분산된 oracles를가능하게 하는 state-chain과 native oracle machine 기반의 확장 가능한 블록체인 플랫폼"," 32,259,379 "," 9,629,379 ",29.85%
113,Aragon,Aragon,5/17/2017,5/17/2017,https://aragon.one/,0,ANT,24.75,,USD,"24,750,000",,,2017-05-17,2017-05-17,,,https://aragon.one/network/,,Blockchain연구회,Coindesk,OK,Service,Ethereum,"이더리움 기반의 행정적 업무 플랫폼 (투표, 예산설정, 법제정 등등)"," 24,750,000 ", - ,0.00%
114,Ethereum,Ethereum,7/23/2014,9/2/2014,https://ethereum.org/,https://github.com/ethereum/wiki/wiki/White-Paper,ETH,18.44,,USD,"18,439,100",,,2014-07-21,2014-09-01,,,https://www.ethereum.org,,Blockchain연구회,Coindesk,OK,Blockchain-platform,PoW,스마트계약과 분산 응용 프로그램 플랫폼," 18,439,100 ",-900 ,0.00%
115,Monaco,Monaco,5/18/2017,6/18/2017,https://mona.co/,https://mona.co/monaco-whitepaper.pdf,MCO,10.29,,USD,"17,748,592",,,2017-05-18,2017-06-18,,,https://mona.co/,,Blockchain연구회,Coindesk,OK,Service,-,Visa 취급처에서 사용가능한 암호 화폐 직불 카드 ," 17,748,592 "," 7,458,592 ",42.02%
116,Waves,Waves,0,6/1/2016,https://wavesplatform.com/downloads.html#,0,WAVES,16,,USD,"16,000,000",,,2016-03-11,2016-05-31,,,http://wavesplatform.com,,Blockchain연구회,Coindesk,OK,Platform,-,블록체인기반 custom 토큰 플랫폼," 16,000,000 ", - ,0.00%
117,Cofound.it,Cofound.it,6/4/2017,6/6/2017,https://cofound.it/en/,https://cofounditmedia.s3-eu-west-1.amazonaws.com/documents/Cofound.it_business_plan_Na27itB.pdf,CFI,11.34,,USD,"14,467,630",,,2017-06-06,2017-06-07,,,https://cofound.it/,,Blockchain연구회,Coindesk,OK,Investment,-,분산된 벤쳐캐피탈 에코시스템(Spin-off of ICONOMI project)," 14,467,630 "," 3,127,630 ",21.62%
118,BOScoin,BOScoin,5/9/2017,5/10/2017,https://boscoin.io/en/home/,https://icobazaar.com/static/10839a54594c1935932ea3013647ed64/BOScoinWhitePaper.pdf,BOS,17.92,,USD,"12,111,863",,,2017-05-09,2017-05-10,,,http://www.boscoin.io/,,Blockchain연구회,Coindesk,OK,Cryptocurrency,"Programming Language: D, OWL(Web Ontology Language) and TAL(Timed Automata Language) Contracts: Trust Contracts Consensus Algorithm: Modified Federated Byzantine Agreement Transactions Speed: 1,000 tx/sec (target) Block Size: Dynamic Decision-Making Process: Congress Led",트러스트 계약을 위한 분산된 가상화폐 플랫폼," 12,111,863 ","-5,808,137 ",-47.95%
119,Aeternity (1st round),#N/A,#N/A,#N/A,#N/A,#N/A,#N/A,#N/A,,USD,"11,044,100",,,2017-04-02,2017-04-06,,,http://www.aeternity.com/,,Blockchain연구회,,OK,Blockchain-platform,"hybrid Proof-of-Work and Proof-of-Stake, programming language Erlang, Chalang(almost identical to Ethereum smart-contracts language), Smart-contract state: Off-chain (in state channels)","초고속 거래, 스마트 계약, 분산된 oracles를가능하게 하는 state-chain과 native oracle machine 기반의 확장 가능한 블록체인 플랫폼"," 11,044,100 ",#N/A,#N/A
120,ATB Coin,#N/A,#N/A,#N/A,#N/A,#N/A,#N/A,#N/A,,USD,"10,560,268",,,2017-06-20,2017-07-11,,,https://atbcoin.com,,Blockchain연구회,,OK,Cryptocurrency,"Proof-of-stake algorithm, SegWit technology","현존하는 블록체인 기반 가상화폐들의 장점을 통합한 DPOS 기반 가상화폐로 SegWit 기술과 합쳐져 블록 사이즈가 4배 커지고, 2.5분에 블록 하나를 생성할 수 있음 "," 10,560,268 ",#N/A,#N/A
121,Blockchain Capital,Blockchain Capital,4/10/2017,4/10/2017,http://blockchain.capital/,0,BCAP,10,,USD,"10,000,000",,,2017-04-09,2017-04-09,,,http://blockchain.capital,,Blockchain연구회,Coindesk,찾지 못함,Investment,Ethereum,블록체인기술 회사에 투자하는 벤쳐 캐피탈," 10,000,000 ", - ,0.00%
122,Rialto.AI,Rialto.AI,6/28/2017,7/3/2017,https://www.rialto.ai/,https://www.rialto.ai/wp-content/uploads/2017/06/RIALTO.AI_Whitepaper.pdf,0,10,,USD,"10,000,000",,,2017-06-28,2017-07-03,,,https://www.rialto.ai,,Blockchain연구회,Coindesk,OK,Investment,-,암호화폐 차익 거래와 시장 조성자," 10,000,000 ", - ,0.00%
123,SingularDTV,SingularDTV,10/2/2016,10/2/2016,https://singulardtv.com/,0,SNGLS,7.5,,USD,"7,500,000",,,2016-10-01,2016-10-01,,,https://singulardtv.com,,Blockchain연구회,Coindesk,OK,Platform,-,"블록체인 엔터테인먼트 스튜디오, 스마트계약 권리 플랫폼, 비디오 온디맨드 플랫폼"," 7,500,000 ", - ,0.00%
124,MaidSafeCoin,MaidSafeCoin,4/21/2014,5/21/2014,https://maidsafe.net/,https://github.com/maidsafe/Whitepapers/blob/master/Project-Safe.md,MAID,6,,USD,"6,000,000",,,2014-04-21,2014-05-21,,,http://maidsafe.net,,Blockchain연구회,Coindesk,찾지 못함,Service,-,분산 데이터 관리 서비스," 6,000,000 ", - ,0.00%
125,Lisk,Lisk,2/22/2016,3/21/2016,https://lisk.io/,https://docs.lisk.io/docs,LSK,5.8,,USD,"5,800,000",,,2016-02-21,2016-03-20,,,https://lisk.io,,Blockchain연구회,Coindesk,OK,Platform,Delegated Proof of Stake,분산 응용 프로그램 플랫폼," 5,800,000 ", - ,0.00%
126,DigixGlobal,DigixGlobal,3/29/2016,3/29/2016,https://dgx.io/,0,0,5.5,,USD,"5,500,000",,,2016-03-29,2016-03-29,,,https://dgx.io,,Blockchain연구회,Coindesk,OK,Service,Ethereum,블록체인기반 금을 디지털 자산화 하는 서비스," 5,500,000 ", - ,0.00%
127,Air,Air,6/1/2017,6/29/2017,https://tokeninvestor.com/crowdfunding/air,0,XID,0,,USD,"5,224,341",,,2017-05-31,2017-07-02,,,http://www.sphre.co/cs/,,Blockchain연구회,Coindesk,OK,Service,Selective Hyperledger permissionless/permissioned (hybrid) blockchain,디지털 아이덴터티를 관리하고 현금화하기 위한 스마트 계약 기반의 플랫폼," 5,224,341 "," 5,224,341 ",100.00%
128,Augur,Augur,8/17/2015,10/1/2015,https://augur.net/,http://docs.augur.net/,REP,5.14,,USD,"5,200,000",,,2015-08-16,2015-09-30,,,https://augur.net,,Blockchain연구회,Coindesk,OK,Platform,-,이더리움 블록체인 기반의 시장 예측 플랫폼," 5,200,000 "," 60,000 ",1.15%
129,DCORP,DCORP,6/1/2017,6/29/2017,https://www.dcorp.it/crowdsale,https://github.com/frankbonnet/DCORP-Whitepaper/blob/master/whitepaper%20v0.3.2_EN-revised.pdf,DRP,5.05,,USD,"4,966,228",,,2017-06-01,2017-06-30,,,https://www.dcorp.it,,Blockchain연구회,Coindesk,OK,Investment,Ethereum,이더리움 기반 파생상품 거래소," 4,966,228 ","-83,772 ",-1.69%
130,Synereo,Synereo,9/19/2016,10/17/2016,https://www.synereo.com/,https://github.com/synereo/synereo.github.io/raw/master/whitepapers/synereo.pdf,AMP,4.7,,USD,"4,701,400",,,2016-09-19,2016-10-17,,,https://www.synereo.com,,Blockchain연구회,Coindesk,OK,Social Network,-,콘텐츠 퍼블리싱을 위한 분산 소셜 네트워크," 4,701,400 "," 1,400 ",0.03%
131,CrypViser,CrypViser,5/20/2017,7/4/2017,https://ico.crypviser.net/,https://ico.crypviser.net/static/docs/CrypViserWhitepaper_en.pdf,0,3.93,,USD,"4,052,446",,,2017-05-20,2017-07-04,,,https://ico.crypviser.net,,Blockchain연구회,Coindesk,OK,Service,Bitshares,개인 및 기업용 커뮤니케이션을 위한 가상화폐 기반 암호화 메신저 플랫폼," 4,052,446 "," 122,446 ",3.02%
132,Mothership,Mothership,7/7/2017,7/16/2017,https://mothership.cx/,https://mothership.cx/documents/whitepaper.pdf,MSP,4.69,,USD,"3,751,517",,,2017-07-07,2017-07-16,,,https://mothership.cx/,,Blockchain연구회,Coindesk,OK,Service,-,"에스토니아의 e-estonia 서비스를 사용하는 주민들에게 블록체인 기반 금융 서비스를 제공, 주로 EU 토큰 마켓 플레이스와 전자 월렛 제공"," 3,751,517 ","-938,483 ",-25.02%
133,EcoBit,EcoBit,4/9/2017,6/8/2017,http://www.ecobit.io/en/index.html,https://icobazaar.com/static/759089087958b06bc44a6c2494189f3f/Technology_-_ECOBIT.pdf,ECOB,3.49,,USD,"3,640,593",,,2017-04-09,2017-06-08,,,http://www.ecobit.io,,Blockchain연구회,Coindesk,OK,Evironment,-,Crypto-credit 기반의 친환경 운동 프로젝트로 NEM 블록체인 기술을 활용하여 이산화탄소배출 감소를 목표로 함," 3,640,593 "," 150,593 ",4.14%
134,Melonport,#N/A,#N/A,#N/A,#N/A,#N/A,#N/A,#N/A,,USD,"2,900,000",,,2017-02-14,2017-02-15,,,https://melonport.com,,Blockchain연구회,,OK,Investment,"Ethereum, smart-contract following the Ethereum token standard (ERC 20)",자산 관리를 위한 블록체인 소프트 웨어," 2,900,000 ",#N/A,#N/A
135,CryptoPing,CryptoPing,5/25/2017,6/25/2017,https://cryptoping.tech/,https://cryptoping.tech/cp_whitepaper_en.pdf,PING,0.39,,USD,"2,590,232",,,2017-05-25,2017-06-25,,,https://cryptoping.tech,,Blockchain연구회,Coindesk,OK,Investment,-,알트코인 인텔리전스봇(트레이딩 시그널 제공)," 2,590,232 "," 2,200,232 ",84.94%
136,SuperNET,SuperNET,4/29/2014,9/22/2014,http://thesupernet.org/,0,UNITY,2.5,,USD,"2,495,000",,,2014-04-29,2014-09-22,,,http://thesupernet.org,,Blockchain연구회,Coindesk,OK,Blockchain-platform,"Delayed PoW, Geckochain, Iguana Core Bitcoin Protocol",오픈소스기반의 분산 기술 및 응용 개발 플랫폼," 2,495,000 ","-5,000 ",-0.20%
137,iDice,iDice,6/11/2017,6/26/2017,https://crowdsale.idice.io/,https://crowdsale.idice.io/idice-whitepaper.pdf,ICE,2.02,,USD,"2,347,232",,,2017-06-11,2017-06-26,,,https://crowdsale.idice.io,,Blockchain연구회,Coindesk,OK,Gambling,Ethereum,모바일 블록체인 겜블링 어플리케이션," 2,347,232 "," 327,232 ",13.94%
138,Mycelium,#N/A,#N/A,#N/A,#N/A,#N/A,#N/A,#N/A,,USD,"2,332,500",,,2016-04-30,2016-05-17,,,https://wallet.mycelium.com,,Blockchain연구회,,OK,Financial-Service,-,오픈 소스 비트코인 지갑," 2,332,500 ",#N/A,#N/A
139,Lykke (2nd round),Lykke (2nd round),2/8/2017,2/27/2017,https://www.lykke.com/,0,LKK,1.97,,USD,"1,974,900",,,2017-02-08,2017-02-27,,,https://www.lykke.com,,Blockchain연구회,Coindesk,OK,Exchange,-,블록체인기반의 글로벌 마켓 플레이스," 1,974,900 "," 4,900 ",0.25%
140,Kibo Lotto,Kibo Lotto,9/30/2016,11/9/2016,https://kiboplatform.net/en/landing.html,https://kiboplatform.net/_alldata/files/kibowhitepaper.pdf,0,1.9,,USD,"1,894,900",,,2016-09-30,2016-11-09,,,https://kiboplatform.net/en/landing.html,,Blockchain연구회,Coindesk,OK,Gambling,Ethereum,블록체이 및 이더리움 스마트계약기반의 로또," 1,894,900 ","-5,100 ",-0.27%
141,Counterparty,Counterparty,1/2/2014,2/3/2014,https://counterparty.io/,https://github.com/CounterpartyXCP/Documentation/blob/master/Developers/protocol_specification.md,XCP,1.79,,USD,"1,790,200",,,2014-01-01,2014-02-01,,,https://counterparty.io,,Blockchain연구회,Coindesk,OK,Exchange,,비트코인 네트워크 상에서의 오픈 소스 무료 금융 플랫폼," 1,790,200 ", 200 ,0.01%
142,PeerPlays,Peerplays,2/26/2017,5/15/2017,https://www.peerplays.com/,https://www.peerplays.com/docs/Peerplays_Whitepaper.pdf,PEERPLAYS,1.46,,USD,"1,455,000",,,2017-02-25,2017-05-13,,,http://www.peerplays.com,,Blockchain연구회,Coindesk,OK,Gambling,Graphene`s blockchain consensus technology,블록체인 분산기반의 토너먼트 관리 및 내기 플랫폼," 1,455,000 ","-5,000 ",-0.34%
143,Legends Room,Legends Room,4/18/2017,5/15/2017,https://legendsroomlv.com/,\,LGD,1.23,,USD,"1,227,000",,,2017-04-17,2017-05-14,,,https://legendsroomlv.com,,Blockchain연구회,Coindesk,OK,Gambling,-,라스베거스의 젠틀맨 클럽의 VIP 멤버십," 1,227,000 ","-3,000 ",-0.24%
144,Rise,Rise,0,6/1/2016,https://rise.vision/,0,RISE,1.1,,USD,"1,117,400",,,2016-05-09,2016-06-23,,,https://rise.vision,,Blockchain연구회,Coindesk,OK,Investment,-,분산 응용 투자 플랫폼," 1,117,400 "," 17,400 ",1.56%
145,Adel,Adel,5/1/2017,6/1/2017,https://www.adelphoi.io/,https://www.adelphoi.io/content/pdf/wp_1.pdf,ADL,1.21,,USD,"1,073,200",,,2017-04-30,2017-05-31,,,https://www.adelphoi.io/,,Blockchain연구회,Coindesk,OK,Crowdsourcing platform,Nxt platform,블록체인 혁신을 위한 스스로 규제하는 기술의 인큐베이터," 1,073,200 ","-136,800 ",-12.75%
146,Plutus,Plutus,0,6/1/2016,https://getplutons.plutus.it/,https://plutus.it/assets/Plutus.it-White-Paper-v1.1.pdf,GBP,1,,USD,"1,000,000",,,2016-06-21,2016-06-29,,,https://plutus.it,,Blockchain연구회,Coindesk,OK,Financial-Service,Ethereum,"계약없는 비트코인 지급,결제"," 1,000,000 ", - ,0.00%
147,ETCWin,ETCWin,11/23/2016,11/23/2016,https://www.etcwin.com/,http://etcwin.com/html/ETCWin_en.html,WIN,1.31,,USD,"866,000",,,2016-10-26,2016-11-24,,,http://etcwin.com/,,Blockchain연구회,Coindesk,OK,Exchange,-,디지털 화폐 교환 플랫폼(focus on ETC trading)," 866,000 ","-444,000 ",-51.27%
148,Aira,Aira,5/25/2017,6/11/2017,http://aira.life/,http://aira.life/wp-content/uploads/2017/05/Aira_robot_economics_doctrine.pdf,AIR,1.02,,USD,"864,300",,,2017-05-25,2017-05-28,,,http://aira.life,,Blockchain연구회,Coindesk,OK,Service,Ethereum,"Autonomous intelligent robot agent (AIRA), 사람과 로봇, 로봇과 로봇 사이에 경제적 상호작용의 표준을 실행하는 프로젝트"," 864,300 ","-155,700 ",-18.01%
149,E4ROW,E4ROW,5/2/2017,5/22/2017,https://www.e4row.co.il/,https://medium.com/e4row/e4row-development-blueprint-d6284c78bf1a,E4ROW,0.86,,USD,"859,500",,,2017-05-01,2017-05-22,,,https://www.e4row.co.il,,Blockchain연구회,Coindesk,OK,Gaming,-,이더 사용자들을 위한 온라인/모바일 게임 어플리케이션," 859,500 ",-500 ,-0.06%
150,Swarm,Swarm,7/16/2014,7/19/2014,https://swarmcorp.com/,0,SWARM,0.74,,USD,"793,800",,,2014-07-16,2014-07-19,,,http://swarmcorp.com,,Blockchain연구회,Coindesk,OK,Platform,-,스마크 계약 플랫폼," 793,800 "," 53,800 ",6.78%
151,Mastercoin (Omni),#N/A,#N/A,#N/A,#N/A,#N/A,#N/A,#N/A,,USD,"756,000",,,2013-07-30,2013-08-30,,,http://www.omni.foundation,,Blockchain연구회,,OK,Financial-Service,,가상화폐 지갑," 756,000 ",#N/A,#N/A
152,GetGems,GetGems,11/30/2014,1/4/2015,http://getgems.org,0,GEMZ,0.74,,USD,"740,500",,,2014-11-30,2015-01-04,,,http://getgems.org/#/,,Blockchain연구회,Coindesk,OK,Social Network,-,iOS와 안드로이드에서 다운 받는 메세징앱과 비트코인과 젬(Gems)의 지갑," 740,500 ", 500 ,0.07%
153,BlockPay,BlockPay,8/20/2016,9/5/2016,https://blockpay.ch/,0,0,0.66,,USD,"657,000",,,2016-08-19,2016-09-03,,,https://blockpay.ch,,Blockchain연구회,Coindesk,OK,Financial-Service,"Blockchain, NFC & QR-Code technologies",디지털 화폐의 지급 및 결제를 지원하는 플랫폼," 657,000 ","-3,000 ",-0.46%
154,Virtual Accelerator,Virtual Accelerator,10/19/2016,12/21/2016,http://www.ether.camp/,0,0,0.65,,USD,"653,000",,,2016-10-19,2016-12-21,,,https://hack.ether.camp/home,,Blockchain연구회,Coindesk,OK,Crowdfunding platform,Ethereum,"프로모션, 아이디어 테스팅 및 펀딩을 위한 플랫폼"," 653,000 "," 3,000 ",0.46%
155,Neucoin,NeuCoin,4/27/2015,4/30/2015,http://www.neucoin.org/en/,0,NEU,0.63,,USD,"632,300",,,2015-04-27,2015-04-30,,,http://www.neucoin.org/en/,,Blockchain연구회,Coindesk,OK,Cryptocurrency,-,소액 거래(microtransactions)를 위한 암호화폐," 632,300 "," 2,300 ",0.36%
156,DacPlay,DacPlay,1/4/2015,2/21/2015,https://dacplay.org/en/,0,0,0.59,,USD,"587,800",,,2015-01-04,2015-02-21,,,https://dacplay.org/en/,,Blockchain연구회,Coindesk,OK,Gaming,-,블록체인 기반 게임 플랫폼," 587,800 ","-2,200 ",-0.37%
157,BetKing,BetKing,11/30/2016,12/31/2016,https://betking.io/,0,0,0.55,,USD,"553,600",,,2016-11-30,2016-12-31,,,https://betking.io/,,Blockchain연구회,Coindesk,OK,Gambling,-,비트코인 겜블링 사이트," 553,600 "," 3,600 ",0.65%
158,MUSE,MUSE,6/9/2014,12/3/2014,http://www.museblockchain.com,0,MUSE,0.54,,USD,"541,100",,,2014-06-09,2014-12-03,,,https://steemit.com/peertracks/@btbrokersm/muse-decentralized-music-peertracks-bitshares,,Blockchain연구회,Coindesk,OK,Service,-,분산 음악 ," 541,100 "," 1,100 ",0.20%
159,Factom,Factom,3/30/2015,5/14/2015,https://www.factom.com/,0,FCT,0.54,,USD,"541,000",,,2015-03-30,2015-05-14,,,http://factom.org,,Blockchain연구회,Coindesk,OK,Service,-,"컴플라이언스, 아이덴터티, 자산 및 증권을 투명하게관리 하는 데이터 레이어 서비스 제공 "," 541,000 "," 1,000 ",0.18%
160,21 Million,21 Million,6/12/2017,6/28/2017,https://www.21million.co.uk/,https://docs.wixstatic.com/ugd/1478f4_a14804b687c44e4d8a9edbce5f7852e3.pdf,21M,0.38,,USD,"538,052",,,2017-06-11,2017-06-27,,,https://www.21million.co.uk,,Blockchain연구회,Coindesk,OK,Media,Ethereum,가상화폐로 투자된 블록체인 인디 tv 시리즈," 538,052 "," 158,052 ",29.37%
161,Spells of Genesis,Spells of Genesis,8/3/2015,9/1/2015,https://spellsofgenesis.com/,0,0,0.53,,USD,"532,900",,,2015-08-03,2015-09-01,,,http://www.spellsofgenesis.com,,Blockchain연구회,Coindesk,OK,Gaming,-,블록체인 기반 모바일 게임," 532,900 "," 2,900 ",0.54%
162,VOISE,VOISE,5/6/2017,6/6/2017,https://voise.it/,https://voise.it/whitepaper-voise.pdf,VSM,0.41,,USD,"482,866",,,2017-05-06,2017-06-06,,,https://voise.it,,Blockchain연구회,Coindesk,OK,Media,Ethereum,뮤직 아티스트들에게 100% 저작권료 수입을 제공하는 분산된 음악 유통 플랫폼 ," 482,866 "," 72,866 ",15.09%
163,Iota,Iota,11/24/2015,12/20/2015,https://iota.org/,\,IOTA,0.44,,USD,"436,000",,,2015-11-24,2015-12-20,,,http://www.iotatoken.com,,Blockchain연구회,Coindesk,OK,Cryptocurrency,-,사물인터넷(IoT)를 위한 암호화폐," 436,000 ","-4,000 ",-0.92%
164,Project Decorum,Project Decorum,4/3/2016,5/1/2016,http://www.project-decorum.com/,http://www.project-decorum.com/live-proof-of-concept/,PDC,0.43,,USD,"427,400",,,2016-04-03,2016-05-01,,,http://www.project-decorum.com,,Blockchain연구회,Coindesk,OK,Social Network,-,분산된 소셜 플랫폼," 427,400 ","-2,600 ",-0.61%
165,Storjcoin X,Storjcoin X,7/17/2014,8/17/2014,https://storj.io/index.html,https://github.com/Storj/,SJCX,0.42,,USD,"418,600",,,2014-07-17,2014-08-17,,,https://storj.io,,Blockchain연구회,Coindesk,OK,Blockchain-infrastructure,-,분산 클라우드 스토리지," 418,600 ","-1,400 ",-0.33%
166,Elastic,Elastic,3/11/2016,8/19/2016,http://www.elastic-project.com/,0,XEL,0.42,,USD,"416,000",,,2016-03-11,2016-08-19,,,http://www.elastic-project.com,,Blockchain연구회,Coindesk,OK,Blockchain-infrastructure,-,분산 클라우드 컴퓨팅," 416,000 ","-4,000 ",-0.96%
167,Contingency,Contingency,1/31/2017,2/27/2017,https://contingency.tech/,0,0,0.39,,USD,"394,620",,,2017-01-31,2017-02-27,,,https://contingency.tech/,,Blockchain연구회,Coindesk,OK,Gambling,Ethereum meta-token,암호학기반의 분산 겜블링 플랫폼," 394,620 "," 4,620 ",1.17%
168,Icoo,Icoo,5/19/2016,7/30/2016,https://www.icoo.io/,0,ICOO,0.37,,USD,"368,200",,,2016-05-19,2016-07-30,,,https://www.icoo.io,,Blockchain연구회,Coindesk,OK,Crowdfunding platform,-,ICO 오픈레져 (ICO 마감되기 전에 트레이드할 수 있는 솔루션을 제공)," 368,200 ","-1,800 ",-0.49%
169,Darcrus,Darcrus,12/21/2016,12/28/2016,https://darcr.us/,https://darcr.us/docs/Darcrus-Use-Cases.pdf,DAR,0.3,,USD,"295,000",,,2016-12-20,2016-12-27,,,https://darcr.us,,Blockchain연구회,Coindesk,OK,Service,Proof of Holding system,B2B 블록체인 데이터베이스 서비스 ," 295,000 ","-5,000 ",-1.69%
170,Etheroll,Etheroll,2/12/2017,2/26/2017,https://etheroll.com/,https://etheroll.wordpress.com/,DICE,0.29,,USD,"291,000",,,2017-02-12,2017-02-26,,,https://etheroll.com,,Blockchain연구회,Coindesk,OK,Gambling,-,Provably-fair dice game 베팅 생성을 위한 이더리움 스마트 계약," 291,000 "," 1,000 ",0.34%
171,Obits,Obits,0,1/1/2016,https://obits.io/,0,OBITS,0.3,,USD,"270,000",,,2015-11-30,2016-01-29,,,http://www.obits.io,,Blockchain연구회,Coindesk,OK,Exchange,-,교환 네트워크 이익에 기반한 가치?," 270,000 ","-30,000 ",-11.11%
172,MassNetwork,MassNetwork,9/25/2016,11/30/2016,https://mass.network/,0,0,0.25,,USD,"252,400",,,2016-09-25,2016-11-30,,,https://mass.network,,Blockchain연구회,Coindesk,날짜 확인 필요(19와 동일보임),Advertising,-,블록체인 기반의 온라인 광고 솔루션," 252,400 "," 2,400 ",0.95%
173,Tokes,Tokes,12/1/2016,1/14/2017,http://cannabisrevolution.us/,0,TKS,0.25,,USD,"250,000",,,2016-12-01,2017-01-14,,,http://cannabisrevolution.us/,,Blockchain연구회,Coindesk,OK,Cryptocurrency,WAVES Blockchain,마리화나를 합법화하기 위한 사회적 운동," 250,000 ", - ,0.00%
174,CashScripter,CashScripter,2/28/2017,3/30/2017,https://www.cashscripter.com/,https://www.cashscripter.com/themes/cs/assets/docs/whitepaper.pdf,XCS,0.19,,USD,"186,000",,,2017-02-28,2017-03-30,,,https://www.cashscripter.com,,Blockchain연구회,Coindesk,OK,Financial-Service,-,캐시플로우 자동화와 분석 플랫폼," 186,000 ","-4,000 ",-2.15%
175,OnPlace,OnPlace,6/6/2017,7/6/2017,http://investments.onplace.io/,https://github.com/OnPlace/Documents/blob/master/pdf/Whitepaper.pdf,OPL,0.92,,USD,"122,201",,,2017-06-06,2017-07-06,,,http://investments.onplace.io,,Blockchain연구회,Coindesk,OK,Crowdfunding platform,-,크라우드펀딩 플랫폼," 122,201 ","-797,799 ",-652.86%
176,Nodio,#N/A,#N/A,#N/A,#N/A,#N/A,#N/A,#N/A,,USD,"100,000",,,2016-10-31,2016-12-01,,,https://nodio.net/#product,,Blockchain연구회,,OK,Blockchain-infrastructure,-,P2P 웹을 위해 디자인 된  Xana 플랫폼 기반의 라우터," 100,000 ",#N/A,#N/A
177,DarkSilk,#N/A,#N/A,#N/A,#N/A,#N/A,#N/A,#N/A,,USD,"93,400",,,2016-09-07,2016-10-22,,,https://silknetwork.org,,Blockchain연구회,,OK,Financial-Service,-,"분산되고, 익명의, 그리고 안전한 금융 대체 서비스"," 93,400 ",#N/A,#N/A
178,Sikoba (refund),#N/A,#N/A,#N/A,#N/A,#N/A,#N/A,#N/A,,USD,"92,900",,,2017-04-24,2017-05-14,,,http://www.sikoba.com,,Blockchain연구회,,OK,Financial-Service,-,P2P IOU/크레딧 플랫폼," 92,900 ",#N/A,#N/A
179,Ascendancy,#N/A,#N/A,#N/A,#N/A,#N/A,#N/A,#N/A,,USD,"83,800",,,2017-01-26,2017-03-09,,,https://ascendancy.io/#/,,Blockchain연구회,,OK,Crowdfunding platform,"DPoS (Delegated Proof-of-Stake) Consensus, Delegated Nodes to secure the network and confirm transactions",크라우드펀딩 플랫폼," 83,800 ",#N/A,#N/A
180,Procommerce,#N/A,#N/A,#N/A,#N/A,#N/A,#N/A,#N/A,,USD,"81,900",,,2017-01-17,2017-02-26,,,https://www.procommerce.io/,,Blockchain연구회,,OK,Financial-Service,-,암호화폐 보상(로얄티) 프로그램 플랫폼," 81,900 ",#N/A,#N/A
181,LeviarCoin,LeviarCoin,4/7/2017,7/9/2017,https://leviarcoin.org/,https://leviarcoin.org/assets/pdf/LeviarCoin_White_Paper_v1.pdf,XLC,0.77,,USD,"81,189",,,2017-04-07,2017-07-09,,,https://leviarcoin.org/,,Blockchain연구회,Coindesk,OK,Gaming,-,"블록체인 기반의 DRM(Digital Rights Management) protection 아래, 마이크로 페이먼츠를 통해 이익을 창출하는 무료 게임"," 81,189 ","-688,811 ",-848.40%
182,Cryptoasset.fund,#N/A,#N/A,#N/A,#N/A,#N/A,#N/A,#N/A,,USD,"73,800",,,2015-09-14,2015-10-01,,,https://nxtforum.org/cryptoasset-fund-projects/(pre-ann)-cryptoasset-fund-asset/20/,,Blockchain연구회,,OK,Investment,-,초기 단계의 NXT기반 투자 펀드," 73,800 ",#N/A,#N/A
183,Embermine,Embermine,5/5/2017,6/2/2017,https://embermine.com/,https://embermine.com/about-embermine/the-embermine-manifesto/,EMB,0.08,,USD,"70,811",,,2017-05-04,2017-06-01,,,https://embermine.com,,Blockchain연구회,Coindesk,OK,Media,Inter Planetary File System (IPFS) ,"콘텐츠 창작자들이 스마트 계약을 만들고, 동업자를 네트워크응 통해 찾아 협상하고, 관리함으로서 수입의 자동화를 이룰 수 있도록 설계된 스마트계약 플랫폼"," 70,811 ","-9,189 ",-12.98%
184,BitcoinGo,#N/A,#N/A,#N/A,#N/A,#N/A,#N/A,#N/A,,USD,"59,900",,,2016-12-09,2017-01-04,,,https://www.btggo.net/btgwhite.pdf,,Blockchain연구회,,OK,Service,PoS blockchain,Uber의 위치추적기능을 이용한 블록체인 기반 모바일 서비스 마켓," 59,900 ",#N/A,#N/A
185,Safex,#N/A,#N/A,#N/A,#N/A,#N/A,#N/A,#N/A,,USD,"50,600",,,2015-11-20,2016-03-31,,,http://safex.io,,Blockchain연구회,,OK,Platform,-,분산된 계약 마켓 플랫폼," 50,600 ",#N/A,#N/A
186,eBoost,#N/A,#N/A,#N/A,#N/A,#N/A,#N/A,#N/A,,USD,"50,000",,,2016-09-14,2016-10-26,,,http://www.eboost.gg/,,Blockchain연구회,,OK,Gambling,-,e-스포츠 산업을 위한 서비스," 50,000 ",#N/A,#N/A
187,Mysterium,#N/A,#N/A,#N/A,#N/A,#N/A,#N/A,#N/A,,USD,"50,000",,,2016-12-16,2016-12-18,,,https://mysterium.network,,Blockchain연구회,,OK,Service,"Ethereum blockchain, smart contracts, state-channels, decentralized database solutions, privacy ensuring coins like Monero or Zcash and other solutions ",분산된 VPN 서비스," 50,000 ",#N/A,#N/A
188,Mineum,#N/A,#N/A,#N/A,#N/A,#N/A,#N/A,#N/A,,USD,"49,900",,,2016-05-06,2016-05-27,,,https://mineum.org,,Blockchain연구회,,OK,Cryptocurrency,-,mining farm의 지원을 받는 암호화폐," 49,900 ",#N/A,#N/A
189,Flashcoin,#N/A,#N/A,#N/A,#N/A,#N/A,#N/A,#N/A,,USD,"49,000",,,2016-11-16,2016-12-22,,,https://flashcoin.io,,Blockchain연구회,,OK,Platform,Fork of Litecoin technology ,마케팅과 앱 개발 기반의 인센티브를 위한 프라이빗 블록체인 플랫폼," 49,000 ",#N/A,#N/A
190,NEM,#N/A,#N/A,#N/A,#N/A,#N/A,#N/A,#N/A,,USD,"35,076",,,2014-01-18,2014-04-09,,,https://www.nem.io,,Blockchain연구회,,OK,Blockchain-platform,Public/Private blockchain combination,P2P 크립토 플랫폼," 35,076 ",#N/A,#N/A
191,Metal,Metal,5/26/2017,5/26/2017,https://www.metalpay.com/,0,METAL,0.03,,USD,"30,190",,,2017-05-26,2017-05-25,,,https://www.metalpay.com,,Blockchain연구회,Coindesk,OK,Financial-Service,-,"글로벌 가상화폐 송금서비스, 송금서비스를 이용하면 보상을 받음"," 30,190 ", 190 ,0.63%
192,Credo,#N/A,#N/A,#N/A,#N/A,#N/A,#N/A,#N/A,,USD,"29,007",,,2017-07-04,2017-07-20,,,http://credo-cf.com,,Blockchain연구회,,OK,Financial-Service,HSM Crypto-module ,재화 및 서비스를 매매하고자 하는 참여자들이 금융 알고리즘을 통해 지급 및 결제할 수 있도록 하는 플랫폼을 제공," 29,007 ",#N/A,#N/A
193,Spectrecoin,#N/A,#N/A,#N/A,#N/A,#N/A,#N/A,#N/A,,USD,"20,500",,,2016-11-19,2017-01-07,,,https://spectreproject.io/,,Blockchain연구회,,OK,Cryptocurrency,Ring Signatures for anonymous transactions Dual key stealth addresses ‘Zero Knowledge’ proofs Full decentralization,익명과 추적금지를 보장하는 암화화폐," 20,500 ",#N/A,#N/A
194,Nxt,#N/A,#N/A,#N/A,#N/A,#N/A,#N/A,#N/A,,USD,"6,000",,,2013-09-27,2013-11-17,,,https://nxt.org,,Blockchain연구회,,OK,Blockchain-platform,,블록체인 플랫폼," 6,000 ",#N/A,#N/A
195,Mercatox,#N/A,#N/A,#N/A,#N/A,#N/A,#N/A,#N/A,,USD,"5,700",,,2016-11-19,2016-12-19,,,https://mercatox.com/crowdsale,,Blockchain연구회,,OK,Exchange,-,전자화폐와 암호화폐 거래마켓을 접근하기 위한 서비스," 5,700 ",#N/A,#N/A
196,Respectonomy,#N/A,#N/A,#N/A,#N/A,#N/A,#N/A,#N/A,,USD,"4,270",,,2017-02-05,2017-03-03,,,https://respectonomy.com/,,Blockchain연구회,,OK,Media,"Bittorrent protocol for content sharing, proof of work blockchain ",사용자들에게 보상을 제공하는 분산 소셜 네트워크," 4,270 ",#N/A,#N/A
197,IcoBid,#N/A,#N/A,#N/A,#N/A,#N/A,#N/A,#N/A,,USD,818,,,2016-12-10,2017-01-10,,,http://www.icobidplatform.com/,,Blockchain연구회,,OK,Service,Scrypt PoW/PoS,사용자가 블록체인 기술 관련 창의적인 혹은 과학적인 아이디어를 제공하고 투표를 통해 펀딩을 받는 플랫폼, 818 ,#N/A,#N/A
198,iSunMediaCoin,#N/A,#N/A,#N/A,#N/A,#N/A,#N/A,#N/A,,USD,25,,,2016-06-26,2016-12-26,,,http://crowdsale.chinasuntv.com,,Blockchain연구회,,OK,Media,-,전통적인 미디어들을 종합하는 새로운 플랫폼, 25 ,#N/A,#N/A
199,Btsr,#N/A,#N/A,#N/A,#N/A,#N/A,#N/A,#N/A,,USD,0,,,2016-03-10,2016-06-14,,,https://www.btsr.io,,Blockchain연구회,,OK,Advertising,-,BitTeaser 응용 플랫폼, - ,#N/A,#N/A
200,SuperDAO,SuperDAO,6/13/2017,6/13/2017,http://www.superdao.io/,https://icobazaar.com/static/5d851c6035cf18e85eb9d2ac321f45d3/Pokereum-Whitepaper-version_0.4_modded-HashInfo.pdf,SUP,0,,USD,0,,,2017-06-13,2017-06-13,,,http://www.superdao.io/,,Blockchain연구회,Coindesk,OK,DAO,Ethereum,이더리움 분산 자율 거버넌스 시스템, - , - ,#DIV/0!
